"Name","Description","DNSHostName"
"SEACHW009","Wayne Arliss Laptop","seachw009.int.hiltonfoods.com"
"SEACHW024","IT Test Desktop - LFR","SEACHW024.int.hiltonfoods.com"
"SEACHW030","Coated Production Laptop","SEACHW030.int.hiltonfoods.com"
"SEACHW035","Tim Knight Laptop","SEACHW035.int.hiltonfoods.com"
"SEACHW041","Kevin Stanley Laptop","SEACHW041.int.hiltonfoods.com"
"SEACHW048","Emily Knight Laptop","SEACHW048.int.hiltonfoods.com"
"SEACHW055","Engineering Office Desktop","SEACHW055.int.hiltonfoods.com"
"SEACHW059","Chilled Security Desktop","SEACHW059.int.hiltonfoods.com"
"SEACHW068","Neil Douglas Laptop","SEACHW068.int.hiltonfoods.com"
"SEACHW084","Dave Hagan Laptop","SEACHW084.int.hiltonfoods.com"
"SEACHW087","Spare Laptop - ex Smokehouse","SEACHW087.int.hiltonfoods.com"
"SEACHW091","Nicola Ritchie Laptop","SEACHW091.int.hiltonfoods.com"
"SEACHW092","Coated QA Supervisors Laptop","SEACHW092.int.hiltonfoods.com"
"SEACHW101","Mariana Eva Desktop","SEACHW101.int.hiltonfoods.com"
"SEACHW106","Janet Thompson Laptop","SEACHW106.int.hiltonfoods.com"
"SEACHW107","Helen Crowder Desktop","SEACHW107.int.hiltonfoods.com"
"SEACHW108","Lily Brooks Laptop","SEACHW108.int.hiltonfoods.com"
"SEACHW110","Julie Simpson Desktop","SEACHW110.int.hiltonfoods.com"
"SEACHW111","Mark Stephens Desktop","SEACHW111.int.hiltonfoods.com"
"SEACHW112","Sue Stevenson Desktop","SEACHW112.int.hiltonfoods.com"
"SEACHW114","Rob Wilson Laptop","SEACHW114.int.hiltonfoods.com"
"SEACHW115","Denise Simmons Laptop","SEACHW115.int.hiltonfoods.com"
"SEACHW117","Mark Smith Laptop","SEACHW117.int.hiltonfoods.com"
"SEACHW118","Steve Wallace Laptop present Ian McGregor","SEACHW118.int.hiltonfoods.com"
"SEACHW119","Kelly Larder Laptop","SEACHW119.int.hiltonfoods.com"
"SEACHW121","Georgina Barton Laptop","SEACHW121.int.hiltonfoods.com"
"SEACHW122","Beverley Cartwright Desktop","SEACHW122.int.hiltonfoods.com"
"SEACHW123","Eve MacDonald Desktop","SEACHW123.int.hiltonfoods.com"
"SEACHW124","Rachel Rudkin Desktop","SEACHW124.int.hiltonfoods.com"
"SEACHW125","Ian McGregor present Survey Laptop","SEACHW125.int.hiltonfoods.com"
"SEACHW126","Stuart Douglas Desktop","SEACHW126.int.hiltonfoods.com"
"SEACHW127","Survey  Laptop EX Mark Wiltshire Laptop","SEACHW127.int.hiltonfoods.com"
"SEACHW128","Gary Peck Desktop","SEACHW128.int.hiltonfoods.com"
"SEACHW129","Wayne Ridgeway Desktop","SEACHW129.int.hiltonfoods.com"
"SEACHW130","Isabel Durdy Laptop","SEACHW130.int.hiltonfoods.com"
"SEACHW131","Dominic Portelli Laptop","SEACHW131.int.hiltonfoods.com"
"SEACHW132","Duane Forrington Laptop","SEACHW132.int.hiltonfoods.com"
"SEACHW133","Steve Wallace Laptop","SEACHW133.int.hiltonfoods.com"
"SEACHW134","Chris Marchant Laptop","SEACHW134.int.hiltonfoods.com"
"SEACHW135","Mark Stephens Laptop","SEACHW135.int.hiltonfoods.com"
"SEACHW136","Valentina Matei Laptop","SEACHW136.int.hiltonfoods.com"
"SEACHW137","Katie George Laptop","SEACHW137.int.hiltonfoods.com"
"SEACHW138","Mathew Wheatley Laptop","SEACHW138.int.hiltonfoods.com"
"SEACHW139","Samantha Gibson Laptop","SEACHW139.int.hiltonfoods.com"
"SEACHW140","shared Infor Qa desktop","SEACHW140.int.hiltonfoods.com"
"SEACHW141","Debbie Poulter Desktop","SEACHW141.int.hiltonfoods.com"
"SEACHW142","shared infor qa desktop","SEACHW142.int.hiltonfoods.com"
"SEACHW143","Georgina Barton Desktop","SEACHW143.int.hiltonfoods.com"
"SEACHW144","Mark Harries Desktop","SEACHW144.int.hiltonfoods.com"
"SEACHW145","Tracey Crew Desktop","SEACHW145.int.hiltonfoods.com"
"SEACHW146","Stuart Kinnaird Desktop","SEACHW146.int.hiltonfoods.com"
"SEACHW147","Toni Whyte Desktop","SEACHW147.int.hiltonfoods.com"
"SEACHW148","Julie Harries Desktop","SEACHW148.int.hiltonfoods.com"
"SEACHW149","Becky Thompson Desktop","SEACHW149.int.hiltonfoods.com"
"SEACHW150","Terri Thompson Desktop","SEACHW150.int.hiltonfoods.com"
"SEACHW152","Bob Smith Desktop","SEACHW152.int.hiltonfoods.com"
"SEACHW153","ChilledEngineer (PICO) Desktop","SEACHW153.int.hiltonfoods.com"
"SEACHW154","Chilled Technical Desktop","SEACHW154.int.hiltonfoods.com"
"SEACHW155","Sonia Sikora Desktop","SEACHW155.int.hiltonfoods.com"
"SEACHW158","Andy Knudsen Desktop","SEACHW158.int.hiltonfoods.com"
"SEACHW159","Chilled Engineer Desktop","SEACHW159.int.hiltonfoods.com"
"SEACHW160","Darrel Hickson Desktop","SEACHW160.int.hiltonfoods.com"
"SEACHW161","Dave Thompson Desktop","SEACHW161.int.hiltonfoods.com"
"SEACHW162","Chilled QA Shared Desktop","SEACHW162.int.hiltonfoods.com"
"SEACHW163","Emma Greer Desktop","SEACHW163.int.hiltonfoods.com"
"SEACHW164","Aneta Chmiel Desktop","SEACHW164.int.hiltonfoods.com"
"SEACHW167","Amy-Lea Smith Desktop","SEACHW167.int.hiltonfoods.com"
"SEACHW168","Chilled RMQA Desktop","SEACHW168.int.hiltonfoods.com"
"SEACHW169","Chilled Technical Desktop","SEACHW169.int.hiltonfoods.com"
"SEACHW170","Chilled Technical Shared Desktop","SEACHW170.int.hiltonfoods.com"
"SEACHW171","Chilled Technical Shared Desktop","SEACHW171.int.hiltonfoods.com"
"SEACHW172","Carol Kelsey Desktop","SEACHW172.int.hiltonfoods.com"
"SEACHW173","Monika Juszczak Desktop","SEACHW173.int.hiltonfoods.com"
"SEACHW174","Chilled RMQA Desktop","SEACHW174.int.hiltonfoods.com"
"SEACHW175","Chris Barton Desktop","SEACHW175.int.hiltonfoods.com"
"SEACHW176","Chilled RMQA Desktop","SEACHW176.int.hiltonfoods.com"
"SEACHW177","Chilled Factory Desktop","SEACHW177.int.hiltonfoods.com"
"SEACHW178","Chilled Factory Desktop","SEACHW178.int.hiltonfoods.com"
"SEACHW179","Chilled Frozen Desktop","SEACHW179.int.hiltonfoods.com"
"SEACHW180","Dale Hanson Laptop","SEACHW180.int.hiltonfoods.com"
"SEACHW181","Leroy Fidlin Laptop","SEACHW181.int.hiltonfoods.com"
"SEACHW182","Rick Baker Laptop","SEACHW182.int.hiltonfoods.com"
"SEACHW183","James Sargent Laptop","SEACHW183.int.hiltonfoods.com"
"SEACHW184","ex Andrew Knudsen Spare Laptop","SEACHW184.int.hiltonfoods.com"
"SEACHW185","Bob Smith Laptop","SEACHW185.int.hiltonfoods.com"
"SEACHW186","Becky Thompson Laptop","SEACHW186.int.hiltonfoods.com"
"SEACHW187","Laptop (Battery Issue)","SEACHW187.int.hiltonfoods.com"
"SEACHW188","Shared Laptop","SEACHW188.int.hiltonfoods.com"
"SEACHW189","Mark Harries Laptop","SEACHW189.int.hiltonfoods.com"
"SEACHW190","Dave Thompson Laptop temp","SEACHW190.int.hiltonfoods.com"
"SEACHW191","Howard Bedford Laptop","SEACHW191.int.hiltonfoods.com"
"SEACHW193","Spare Laptop","SEACHW193.int.hiltonfoods.com"
"SEACHW194","Spare Laptop","SEACHW194.int.hiltonfoods.com"
"SEACHW195","Tina Matsell Laptop","SEACHW195.int.hiltonfoods.com"
"SEACHW196","Lily Dicker Laptop","SEACHW196.int.hiltonfoods.com"
"SEACHW197","Russells Smokehouse Laptop","SEACHW197.int.hiltonfoods.com"
"SEACHW198","Stuart Douglas Laptop","SEACHW198.int.hiltonfoods.com"
"SEACHW199","Amy-Lea Smith Laptop","SEACHW199.int.hiltonfoods.com"
"SEACHW200","LFR Training PC","SEACHW200.int.hiltonfoods.com"
"SEACHW201","LFR Training PC","SEACHW201.int.hiltonfoods.com"
"SEACHW202","LFR Training PC","SEACHW202.int.hiltonfoods.com"
"SEACHW203","LFR Training PC","SEACHW203.int.hiltonfoods.com"
"SEACHW204","LFR Training PC","SEACHW204.int.hiltonfoods.com"
"SEACHW205","LFR Training PC","SEACHW205.int.hiltonfoods.com"
"SEACHW206","LFR Training PC","SEACHW206.int.hiltonfoods.com"
"SEACHW207","LFR Training PC","SEACHW207.int.hiltonfoods.com"
"SEACHW208","LFR Training PC","SEACHW208.int.hiltonfoods.com"
"SEACHW209","LFR Training PC","SEACHW209.int.hiltonfoods.com"
"SEACHW210","Mark Radley Laptop","SEACHW210.int.hiltonfoods.com"
"SEACHW211","Agnieszka Staskiewicz Laptop","SEACHW211.int.hiltonfoods.com"
"SEACHW212","Tom Stevens Laptop","SEACHW212.int.hiltonfoods.com"
"SEACHW213","Chilled Security","SEACHW213.int.hiltonfoods.com"
"SEACHW214","Duane Forrington Laptop","SEACHW214.int.hiltonfoods.com"
"SEACHW215","Tracy Barnett Laptop","SEACHW215.int.hiltonfoods.com"
"SEACHW216","Christopher Belt Laptop","SEACHW216.int.hiltonfoods.com"
"SEACHW217","Mark Wiltshire Laptop","SEACHW217.int.hiltonfoods.com"
"SEACHW218","Ian McGregor Laptop","SEACHW218.int.hiltonfoods.com"
"SEACOW001","Chilled Training Desktop","SEACOW001.int.hiltonfoods.com"
"SEACOW002","James Purling Laptop","SEACOW002.int.hiltonfoods.com"
"SEACOW010","Dave Hagan Desktop","SEACOW010.int.hiltonfoods.com"
"SEACOW012","Simon Gittens Laptop","SEACOW012.int.hiltonfoods.com"
"SEACOW013","Coated QA Laptop","SEACOW013.int.hiltonfoods.com"
"SEACOW037","Coated RMQA Laptop","SEACOW037.int.hiltonfoods.com"
"SEACOW038","Sadie Morgan Laptop","SEACOW038.int.hiltonfoods.com"
"SEACOW056","Training Laptop (Daniel Wales)","SEACOW056.int.hiltonfoods.com"
"SEACOW057","Sam Robinson Laptop","SEACOW057.int.hiltonfoods.com"
"SEACOW102","Teresa Fernandez Laptop","SEACOW102.int.hiltonfoods.com"
"SEACOW125","Janette Webster Laptop","SEACOW125.int.hiltonfoods.com"
"SEACOW128","Coated Despatch Visidot Desktop","SEACOW128.int.hiltonfoods.com"
"SEACOW132","Tony Aisthorpe Laptop","SEACOW132.int.hiltonfoods.com"
"SEACOW133","Rachel Weston Laptop","SEACOW133.int.hiltonfoods.com"
"SEACOW134","Gary Challis Laptop","SEACOW134.int.hiltonfoods.com"
"SEACOW137","Aneta Chmiel Laptop","SEACOW137.int.hiltonfoods.com"
"SEACOW138","Adrian Hoe Laptop","SEACOW138.int.hiltonfoods.com"
"SEACOW140","Claire Hall Laptop","SEACOW140.int.hiltonfoods.com"
"SEACOW142","Nathan Whyte Laptop","SEACOW142.int.hiltonfoods.com"
"SEACOW143","Spare Laptop","SEACOW143.int.hiltonfoods.com"
"SEACOW144","Alan Stead Laptop","SEACOW144.int.hiltonfoods.com"
"SEACOW145","Ebony Douglas Laptop","SEACOW145.int.hiltonfoods.com"
"SEACOW148","Julie Gell Laptop","SEACOW148.int.hiltonfoods.com"
"SEACOW149","Kevin Powell Laptop","SEACOW149.int.hiltonfoods.com"
"SEACOW153","Barbara Higgins Laptop","SEACOW153.int.hiltonfoods.com"
"SEACOW154","Mark Collins Laptop","SEACOW154.int.hiltonfoods.com"
"SEACOW158","Ryan Lowe Desktop","SEACOW158.int.hiltonfoods.com"
"SEACOW159","Chiara Catalano Laptop","SEACOW159.int.hiltonfoods.com"
"SEACOW160","Tim Knight Desktop","SEACOW160.int.hiltonfoods.com"
"SEACOW161","Kevin Snelling Laptop","SEACOW161.int.hiltonfoods.com"
"SEACOW162","Scott Riches Laptop","SEACOW162.int.hiltonfoods.com"
"SEACOW163","Sophie Strickson Laptop","SEACOW163.int.hiltonfoods.com"
"SEACOW164","Craig McKay Laptop","SEACOW164.int.hiltonfoods.com"
"SEACOW165","Emily Knight Laptop","SEACOW165.int.hiltonfoods.com"
"SEACOW166","## Spare Desktop","SEACOW166.int.hiltonfoods.com"
"SEACOW167","Mike Steer Laptop","SEACOW167.int.hiltonfoods.com"
"SEACOW169","James Beverley Desktop","SEACOW169.int.hiltonfoods.com"
"SEACOW170","Sharna Ahmed Laptop","SEACOW170.int.hiltonfoods.com"
"SEACOW173","William Davies Laptop","SEACOW173.int.hiltonfoods.com"
"SEACOW174","## Spare Desktop","SEACOW174.int.hiltonfoods.com"
"SEACOW178","Danielle Grest Laptop","SEACOW178.int.hiltonfoods.com"
"SEACOW179","Peter Moorcroft Laptop","SEACOW179.int.hiltonfoods.com"
"SEACOW180","Nick Robinson Laptop","SEACOW180.int.hiltonfoods.com"
"SEACOW181","Shaun Thompson Desktop","SEACOW181.int.hiltonfoods.com"
"SEACOW182","Robyn Braid Laptop","SEACOW182.int.hiltonfoods.com"
"SEACOW183","Graham Blades Laptop","SEACOW183.int.hiltonfoods.com"
"SEACOW184","Debbie Bower Laptop","SEACOW184.int.hiltonfoods.com"
"SEACOW185","Denise Muir Laptop","SEACOW185.int.hiltonfoods.com"
"SEACOW187","Michael Kendrick Laptop","SEACOW187.int.hiltonfoods.com"
"SEACOW188","Stephen Clifford Laptop","SEACOW188.int.hiltonfoods.com"
"SEACOW189","ER2 Supervisor Laptop","SEACOW189.int.hiltonfoods.com"
"SEACOW190","Charlotte Bentley Laptop","SEACOW190.int.hiltonfoods.com"
"SEACOW191","Lee Gibson Laptop","SEACOW191.int.hiltonfoods.com"
"SEACOW192","Martin Templeton Laptop","SEACOW192.int.hiltonfoods.com"
"SEACOW193","Karen Simpson Laptop","SEACOW193.int.hiltonfoods.com"
"SEACOW194","Bacardi King Laptop","SEACOW194.int.hiltonfoods.com"
"SEACOW196","Lorraine Wheaton Laptop","SEACOW196.int.hiltonfoods.com"
"SEACOW197","Graham McDonald Laptop","SEACOW197.int.hiltonfoods.com"
"SEACOW198","Jon Holgeth Laptop","SEACOW198.int.hiltonfoods.com"
"SEACOW199","Laura Wilkinson Desktop","SEACOW199.int.hiltonfoods.com"
"SEACOW200","Arron Simpson Desktop","SEACOW200.int.hiltonfoods.com"
"SEACOW201","Jane Salter Desktop","SEACOW201.int.hiltonfoods.com"
"SEACOW202","Denise Simmons Desktop","SEACOW202.int.hiltonfoods.com"
"SEACOW203","Coated RMQA Desktop","SEACOW203.int.hiltonfoods.com"
"SEACOW204","Rebecca Smith Desktop","SEACOW204.int.hiltonfoods.com"
"SEACOW205","Janet Thompson Desktop","SEACOW205.int.hiltonfoods.com"
"SEACOW206","Coated Engineering Desktop","SEACOW206.int.hiltonfoods.com"
"SEACOW207","Kath Kenyon Desktop","SEACOW207.int.hiltonfoods.com"
"SEACOW208","Sebastian Paszkiewicz Desktop","SEACOW208.int.hiltonfoods.com"
"SEACOW209","Jodie Clarke Desktop","SEACOW209.int.hiltonfoods.com"
"SEACOW210","Elaine Wigg Desktop","SEACOW210.int.hiltonfoods.com"
"SEACOW211","Coated Taste Panel Desktop","SEACOW211.int.hiltonfoods.com"
"SEACOW212","Dave Harris Desktop","SEACOW212.int.hiltonfoods.com"
"SEACOW213","Coated RMQA Desktop","SEACOW213.int.hiltonfoods.com"
"SEACOW214","# spare Desktop","SEACOW214.int.hiltonfoods.com"
"SEACOW215","Coated Technical Desktop","SEACOW215.int.hiltonfoods.com"
"SEACOW216","Coated RMQA Desktop","SEACOW216.int.hiltonfoods.com"
"SEACOW217","Alex Fleming Desktop","SEACOW217.int.hiltonfoods.com"
"SEACOW218","Coated Engineers Desktop","SEACOW218.int.hiltonfoods.com"
"SEACOW219","Vanessa Burnett Desktop","SEACOW219.int.hiltonfoods.com"
"SEACOW220","Mark Collins Desktop","SEACOW220.int.hiltonfoods.com"
"SEACOW221","Coated Despatch Supervisors Desktop","SEACOW221.int.hiltonfoods.com"
"SEACOW222","Lisa Naylor Laptop","SEACOW222.int.hiltonfoods.com"
"SEACOW223","Ashley Hurren Laptop","SEACOW223.int.hiltonfoods.com"
"SEACOW224","Grant Richardson Laptop","SEACOW224.int.hiltonfoods.com"
"SEACOW225","Coated Production Desktop","SEACOW225.int.hiltonfoods.com"
"SEACOW226","## Spare Desktop","SEACOW226.int.hiltonfoods.com"
"SEACOW227","Coated Drystore Desktop","SEACOW227.int.hiltonfoods.com"
"SEACOW228","Coated Drystore Desktop","SEACOW228.int.hiltonfoods.com"
"SEACOW229","Coated RMQA Desktop","SEACOW229.int.hiltonfoods.com"
"SEACOW230","Coated RMQA Desktop","SEACOW230.int.hiltonfoods.com"
"SEACOW231","Michelle Bradshaw Desktop","SEACOW231.int.hiltonfoods.com"
"SEACOW232","Coated Production Desktop","SEACOW232.int.hiltonfoods.com"
"SEACOW233","Coated Checkers Desktop","SEACOW233.int.hiltonfoods.com"
"SEACOW234","Coated Checkers Desktop","SEACOW234.int.hiltonfoods.com"
"SEACOW235","Coated Checkers Desktop","SEACOW235.int.hiltonfoods.com"
"SEACOW236","Andy Baines Desktop","SEACOW236.int.hiltonfoods.com"
"SEACOW237","## Spare Desktop","SEACOW237.int.hiltonfoods.com"
"SEACOW238","Coated Drystore Tent Desktop","SEACOW238.int.hiltonfoods.com"
"SEACOW239","Coated Despatch Chiller Desktop","SEACOW239.int.hiltonfoods.com"
"SEACOW240","Coated QA Supervisors Desktop","SEACOW240.int.hiltonfoods.com"
"SEACOW241","## Spare Desktop","SEACOW241.int.hiltonfoods.com"
"SEACOW242","Coated QA Desktop","SEACOW242.int.hiltonfoods.com"
"SEACOW243","Coated Despatch Desktop","SEACOW243.int.hiltonfoods.com"
"SEACOW245","Coated Coldstore Desktop","SEACOW245.int.hiltonfoods.com"
"SEACOW246","Spare Laptop (RR)","SEACOW246.int.hiltonfoods.com"
"SEACOW247","Stephen Briand Laptop","SEACOW247.int.hiltonfoods.com"
"SEACOW248","Wayne Barton Laptop","SEACOW248.int.hiltonfoods.com"
"SEACOW249","Gavin Turner Laptop","SEACOW249.int.hiltonfoods.com"
"SEACOW250","Phil Nickells Laptop","SEACOW250.int.hiltonfoods.com"
"SEACOW251","Debbie Punshon Laptop","SEACOW251.int.hiltonfoods.com"
"SEACOW252","Fran Costello Laptop","SEACOW252.int.hiltonfoods.com"
"SEACOW253","Rebecca Smith Laptop","SEACOW253.int.hiltonfoods.com"
"SEACOW254","Claire Moore Laptop","SEACOW254.int.hiltonfoods.com"
"SEACOW255","Sharon Sheppard Laptop","SEACOW255.int.hiltonfoods.com"
"SEACOW256","Paul Freeman Laptop","SEACOW256.int.hiltonfoods.com"
"SEACOW257","Coated Production Laptop","SEACOW257.int.hiltonfoods.com"
"SEACOW258","Terri Thompson Laptop","SEACOW258.int.hiltonfoods.com"
"SEACOW259","Willem Van Der Merwe Laptop","SEACOW259.int.hiltonfoods.com"
"SEACOW260","Mark Smith Remote desktop","SEACOW260.int.hiltonfoods.com"
"SEACOW261","Chilled Axicon 2","SEACOW261.int.hiltonfoods.com"
"SEACOW262","Coated Security Desktop","SEACOW262.int.hiltonfoods.com"
"SEACOW263","Chilled Axicon 1","SEACOW263.int.hiltonfoods.com"
"SEACOW264","desktop","SEACOW264.int.hiltonfoods.com"
"SEACOW265","Coated Auditors Laptop","SEACOW265.int.hiltonfoods.com"
"SEACOW266","Daniel Wales Laptop","SEACOW266.int.hiltonfoods.com"
"SEACOW267","Richard Fowler Laptop","SEACOW267.int.hiltonfoods.com"
"SEACOW268","Coated Auditors Laptop","SEACOW268.int.hiltonfoods.com"
"SEACOW269","Sarah Bell Laptop","SEACOW269.int.hiltonfoods.com"
"SEACOW270","Glen Mathews (Replacement)","SEACOW270.int.hiltonfoods.com"
"SEACOW271","Emma Moffat Laptop","SEACOW271.int.hiltonfoods.com"
"SEACOW272","Stephanie.I'Anson Laptop","SEACOW272.int.hiltonfoods.com"
"SEACOW273","Richard Blastland Laptop","SEACOW273.int.hiltonfoods.com"
"SEACOW274","Katherine Hammond Laptop","SEACOW274.int.hiltonfoods.com"
"SEACOW275","Jennifer Walker Laptop","SEACOW275.int.hiltonfoods.com"
"SEACOW276","Richard Mallam Laptop","SEACOW276.int.hiltonfoods.com"
"SEACOW277","Charlie Boardman Laptop","SEACOW277.int.hiltonfoods.com"
"SEACOW278","Rebecah Burr Laptop","SEACOW278.int.hiltonfoods.com"
"SEACOW279","ER2 Training PC","SEACOW279.int.hiltonfoods.com"
"SEACOW280","ER2 Training PC","SEACOW280.int.hiltonfoods.com"
"SEACOW281","ER2 Training PC","SEACOW281.int.hiltonfoods.com"
"SEACOW282","ER2 Training PC","SEACOW282.int.hiltonfoods.com"
"SEACOW283","ER2 Training PC","SEACOW283.int.hiltonfoods.com"
"SEACOW284","ER2 Training PC","SEACOW284.int.hiltonfoods.com"
"SEACOW285","Colin Smith Laptop","SEACOW285.int.hiltonfoods.com"
"SEACOW286","Vandana Mistry Laptop","SEACOW286.int.hiltonfoods.com"
"SEACOW287","Emma Strafford Laptop","SEACOW287.int.hiltonfoods.com"
"SEACOW289","Sally O'Brien Laptop","SEACOW289.int.hiltonfoods.com"
"SEACOW290","Jayne Wallace Laptop","SEACOW290.int.hiltonfoods.com"
"SEACOW291","Grant Waddington Laptop","SEACOW291.int.hiltonfoods.com"
"SEACOW292","Holly Loveday Laptop","SEACOW292.int.hiltonfoods.com"
"SEACOW293","Stuart Morgan Laptop","SEACOW293.int.hiltonfoods.com"
"SEACOW294","Coated QA Supervisors Laptop","SEACOW294.int.hiltonfoods.com"
"SEACOW295","Coated QA Laptop","SEACOW295.int.hiltonfoods.com"
"SEACOW296","Michael Kiddle Laptop","SEACOW296.int.hiltonfoods.com"
"SEACOW297","Craig Gostelow Laptop","SEACOW297.int.hiltonfoods.com"
"SEACOW298","Amy Hubbard Laptop","SEACOW298.int.hiltonfoods.com"
"SEACOW299","Spare Laptop","SEACOW299.int.hiltonfoods.com"
"UKHFGCL3318","HFG - Nigel Edwards","UKHFGCL3318.int.hiltonfoods.com"
"UKHFGSARB02",,"UKHFGSARB02.int.hiltonfoods.com"
