"Name","OS","Description","LastPatchDate","Status"
"UKGMBCD1007","Windows 10 Enterprise","LFR Factory TV 1 (Stairwell)","2022-12-17","Online"
"UKGMBCD1008","Windows 10 Enterprise","LFR Factory TV 2 (DRM Office)","2022-11-26","Online"
"UKGMBCD1009","Windows 10 Pro","LFR Factory TV 3 (Whitefish)","2022-12-17","Online"
"UKGMBCOM1001","Windows 10 Enterprise 2016 LTSB","Omega Touchscreen (LFR) Allergen 2 (Line 11)","2022-12-18","Online"
"UKGMBCOM1002","Windows 10 Enterprise 2016 LTSB","Omega Touchscreen (LFR) Allergen 1 (Line 10)","2022-11-27","Online"
"UKGMBCOM1003","Windows 10 Enterprise 2016 LTSB","Omega Touchscreen (LFR) Tiro 1","2022-12-18","Online"
"UKGMBCOM1004","Windows 10 Enterprise 2016 LTSB","Omega Touchscreen (LFR) Tiro 2","2022-11-27","Online"
"UKGMBCOM1005","Windows 10 Enterprise 2016 LTSB","Omega Touchscreen (LFR)","1900-01-01","Offline"
"UKGMBCOM1006","Windows 10 Enterprise 2016 LTSB","Omega Touchscreen (LFR) ## Allergen 1 Test ##","2022-11-27","Online"
"UKGMBCOM1007","Windows 10 Enterprise 2016 LTSB","Omega Touchscreen (LFR) Prepack 4","2022-12-18","Online"
"UKGMBCOM1008","Windows 10 Enterprise 2016 LTSB","Omega Touchscreen (LFR) Prepack 3","2022-11-27","Online"
"UKGMBCOM1009","Windows 10 Enterprise 2016 LTSB","Omega Touchscreen (LFR) Prepack 12","2022-12-18","Online"
"UKGMBCOM1010","Windows 10 Enterprise 2016 LTSB","Omega Touchscreen (LFR) Prepack 8","2022-11-27","Online"
"UKGMBCOM1011","Windows 10 Enterprise 2016 LTSB","Omega Touchscreen (LFR) Prepack 7","2022-12-18","Online"
"UKGMBCOM1012","Windows 10 Enterprise 2016 LTSB","Omega Touchscreen (LFR) Prepack 5","2022-11-27","Online"
"UKGMBCOM1013","Windows 10 Enterprise 2016 LTSB","Omega Touchscreen (LFR) Bulk 2","2022-12-18","Online"
"UKGMBCOM1014","Windows 10 Enterprise 2016 LTSB","Omega Touchscreen (LFR) Bulk 3","2022-12-07","Online"
"UKGMBCOM1015","Windows 10 Enterprise 2016 LTSB","Omega Touchscreen (LFR) Salmon 1","1900-01-01","Offline"
"UKGMBCOM1016","Windows 10 Enterprise 2016 LTSB","Omega Touchscreen (LFR) Salmon 2","2022-11-27","Online"
"UKGMBCOM1017","Windows 10 Enterprise 2016 LTSB","Omega Touchscreen (LFR) Whitefish 1(Filleting)","2022-12-18","Online"
"UKGMBCOM1018","Windows 10 Enterprise 2016 LTSB","Omega Touchscreen (LFR) Whitefish 2 (Baader)","1900-01-01","Offline"
"UKGMBCOM1019","Windows 10 Pro","Omega Touchscreen (LFR) Prepack 2","2022-12-03","Online"
"UKGMBCOM1020","Windows 10 Pro","Omega Touchscreen (LFR) Prepack 1","2022-11-26","Online"
"UKGMBCOM1021A","Windows 10 Pro N","Omega Touchscreen (LFR) Prepack 6 - Test","2022-12-17","Online"
"UKGMBCOM1022","Windows 10 Enterprise 2016 LTSB","Omega Touchscreen (LFR) White Fish 2","1900-01-01","Offline"
"UKGMBCOM2001","Windows 10 Enterprise LTSC","Omega Touchscreen (ER2)","2022-12-17","Online"
"UKGMBCOM2002","Windows 10 Enterprise LTSC","Omega Touchscreen (ER2)","2022-11-26","Online"
"UKGMBCOM2003","Windows 10 Enterprise LTSC","Omega Touchscreen (ER2)","2022-12-17","Online"
"UKGMBCOM2004","Windows 10 Enterprise LTSC","Omega Touchscreen (ER2)","2022-11-26","Online"
"UKGMBCOM2005","Windows 10 Enterprise LTSC","Omega Touchscreen (ER2)","1900-01-01","Offline"
"UKGMBCOM2006","Windows 10 Enterprise LTSC","Omega Touchscreen (ER2)","2022-11-26","Online"
"UKGMBCOM2007","Windows 10 Enterprise LTSC","Omega Touchscreen (ER2)","1900-01-01","Offline"
"UKGMBCOM2008","Windows 10 Enterprise LTSC","Omega Touchscreen (ER2)","2022-11-27","Online"
"UKGMBCOM2009","Windows 10 Enterprise LTSC","Omega Touchscreen (ER2)","2022-12-17","Online"
"UKGMBCOM2010","Windows 10 Enterprise LTSC","Omega Touchscreen (ER2)","2022-11-26","Online"
"UKGMBCOM2011","Windows 10 Enterprise LTSC","Omega Touchscreen (ER2)","2022-12-17","Online"
"UKGMBCOM2012","Windows 10 Enterprise LTSC","Omega Touchscreen (ER2)","1900-01-01","Offline"
"UKGMBCOM2014","Windows 10 Enterprise LTSC","Omega Touchscreen (ER2)","1900-01-01","Offline"
"UKGMBCSA1001","Windows 10 Enterprise LTSC","Sage Touchscreen (ER2) Line 6","2022-05-13","Online"
"UKGMBCSA1002","Windows 10 Enterprise LTSC","Sage Touchscreen (ER2) Line x","1900-01-01","Offline"
"UKGMBCSA1003","Windows 10 Enterprise LTSC","Sage Touchscreen (ER2) Line x","1900-01-01","Offline"
"UKGMBCSA1004","Windows 10 Enterprise LTSC","Sage Touchscreen (ER2) Line x","1900-01-01","Offline"
"UKGMBCSA1005","Windows 10 Enterprise LTSC","Sage Touchscreen (ER2) Line x","1900-01-01","Offline"
"UKGMBCSA1006",,"Sage Touchscreen (ER2) Line x","1900-01-01","Offline"
"UKGMBCSA1007",,"Sage Touchscreen (ER2) Line x","1900-01-01","Offline"
